{"cameraMode":{"drawMode":0,"name":"Shaded","section":"Shading Mode"},"sceneLighting":true,"audioPlay":false,"sceneViewState":{"m_AlwaysRefresh":false,"showFog":true,"showSkybox":true,"showFlares":true,"showImageEffects":true,"showParticleSystems":true,"showVisualEffectGraphs":true,"m_FxEnabled":false},"in2DMode":false,"pivot":{"x":8.564125061035157,"y":-6.522412300109863,"z":-52.75323486328125},"rotation":{"x":0.0012311661848798395,"y":-0.9988322257995606,"z":0.041372522711753848,"w":0.027921030297875406},"size":63.149253845214847,"orthographic":false}