{"cameraMode":{"drawMode":0,"name":"Shaded","section":"Shading Mode"},"sceneLighting":true,"audioPlay":false,"sceneViewState":{"m_AlwaysRefresh":false,"showFog":true,"showSkybox":true,"showFlares":true,"showImageEffects":true,"showParticleSystems":true,"showVisualEffectGraphs":true,"m_FxEnabled":false},"in2DMode":false,"pivot":{"x":-65.84607696533203,"y":5.092496871948242,"z":-76.35778045654297},"rotation":{"x":0.20111382007598878,"y":-0.05564011633396149,"z":0.009502101689577103,"w":0.9780142307281494},"size":2.6706838607788088,"orthographic":false}